"Course","CourseTitle","ModuleId","ModuleTitle","LessonId","LessonTitle","Difficulty","EstimatedMinutes","ContentSectionCount","ChallengeCount","TotalContentLength"
"csharp","C# Programming","module-01","Getting Started with C#","lesson-01-01","What is Programming?","beginner","15","3","1","1108"
"csharp","C# Programming","module-01","Getting Started with C#","lesson-01-02","What is .NET and the CLR?","beginner","15","3","1","957"
"csharp","C# Programming","module-01","Getting Started with C#","lesson-01-03","Displaying Multiple Lines","beginner","15","3","1","1454"
"csharp","C# Programming","module-01","Getting Started with C#","lesson-01-04","Comments: Notes for Humans","beginner","15","3","1","999"
"csharp","C# Programming","module-01","Getting Started with C#","lesson-01-05","Combining Text (String Concatenation)","beginner","15","3","1","950"
"csharp","C# Programming","module-02","Variables and Data Types","lesson-02-01","What is a Variable? (The Labeled Box)","beginner","15","3","1","1180"
"csharp","C# Programming","module-02","Variables and Data Types","lesson-02-02","Number Variables (int and double)","beginner","15","3","1","1176"
"csharp","C# Programming","module-02","Variables and Data Types","lesson-02-03","Boolean Variables (true or false)","beginner","15","3","1","1041"
"csharp","C# Programming","module-02","Variables and Data Types","lesson-02-04","Basic Math Operations","beginner","15","3","1","1084"
"csharp","C# Programming","module-02","Variables and Data Types","lesson-02-05","Compound Assignment (Shortcuts!)","beginner","15","3","1","1384"
"csharp","C# Programming","module-02","Variables and Data Types","lesson-02-06","Nullable Reference Types","intermediate","15","3","1","1708"
"csharp","C# Programming","module-03","Control Flow","lesson-03-01","The if Statement (Your First Fork)","beginner","15","3","1","1325"
"csharp","C# Programming","module-03","Control Flow","lesson-03-02","else and else if (Multiple Paths)","beginner","15","3","1","1352"
"csharp","C# Programming","module-03","Control Flow","lesson-03-03","Comparison & Logical Operators","beginner","15","3","1","1536"
"csharp","C# Programming","module-03","Control Flow","lesson-03-04","The switch Statement (The Traffic Director)","beginner","15","3","1","1634"
"csharp","C# Programming","module-03","Control Flow","lesson-03-05","The Ternary Operator (Shortcut Decision)","beginner","15","3","1","1523"
"csharp","C# Programming","module-04","Loops and Iteration","lesson-04-01","The for Loop (When You Know the Count)","beginner","15","3","1","1507"
"csharp","C# Programming","module-04","Loops and Iteration","lesson-04-02","The while Loop (When You Don't Know)","beginner","15","3","1","1475"
"csharp","C# Programming","module-04","Loops and Iteration","lesson-04-03","The do-while Loop (At Least Once)","beginner","15","3","1","1462"
"csharp","C# Programming","module-04","Loops and Iteration","lesson-04-04","Loop Control (break and continue)","beginner","15","3","1","1471"
"csharp","C# Programming","module-04","Loops and Iteration","lesson-04-05","Nested Loops (Loops Within Loops)","beginner","15","3","1","1482"
"csharp","C# Programming","module-05","Collections","lesson-05-01","Arrays (The Fixed-Size Shelf)","beginner","15","3","1","1365"
"csharp","C# Programming","module-05","Collections","lesson-05-02","List<T> (The Flexible Container)","beginner","15","3","1","1504"
"csharp","C# Programming","module-05","Collections","lesson-05-03","Dictionary<TKey, TValue> (The Lookup Table)","beginner","15","3","1","1540"
"csharp","C# Programming","module-05","Collections","lesson-05-04","Iterating Collections (foreach Loop)","beginner","15","3","1","1510"
"csharp","C# Programming","module-05","Collections","lesson-05-05","Collection Expressions (C# 12)","beginner","15","3","1","1516"
"csharp","C# Programming","module-05","Collections","lesson-05-06","Implicit Indexer in Object Initializers (C# 13)","intermediate","12","3","1","1678"
"csharp","C# Programming","module-06","Methods and Functions","lesson-06-01","Why Object-Oriented Programming?","intermediate","15","3","1","1439"
"csharp","C# Programming","module-06","Methods and Functions","lesson-06-02","Constructors (The Setup Crew)","intermediate","15","3","1","1332"
"csharp","C# Programming","module-06","Methods and Functions","lesson-06-03","Properties (Controlled Access to Data)","intermediate","15","3","1","1549"
"csharp","C# Programming","module-06","Methods and Functions","lesson-06-04","Methods (What Your Objects Can Do)","intermediate","15","3","1","1567"
"csharp","C# Programming","module-06","Methods and Functions","lesson-06-05","The 'this' Keyword (Talking About Yourself)","intermediate","15","3","1","1412"
"csharp","C# Programming","module-06","Methods and Functions","lesson-06-06","Access Modifiers (public, private, protected)","intermediate","15","3","1","1466"
"csharp","C# Programming","module-06","Methods and Functions","lesson-06-07","Static vs Instance Members","intermediate","15","3","1","1657"
"csharp","C# Programming","module-06","Methods and Functions","lesson-06-08","Flexible Parameters with params Collections (C# 13)","intermediate","12","3","1","1031"
"csharp","C# Programming","module-07","Object-Oriented Programming Basics","lesson-07-01","Inheritance (Blueprints Based on Blueprints)","intermediate","15","3","1","1526"
"csharp","C# Programming","module-07","Object-Oriented Programming Basics","lesson-07-02","Polymorphism (virtual & override)","intermediate","15","3","1","1410"
"csharp","C# Programming","module-07","Object-Oriented Programming Basics","lesson-07-03","Abstract Classes (The Unfinished Blueprint)","intermediate","15","3","1","1562"
"csharp","C# Programming","module-07","Object-Oriented Programming Basics","lesson-07-04","Interfaces (The Contract)","intermediate","15","3","1","1396"
"csharp","C# Programming","module-07","Object-Oriented Programming Basics","lesson-07-05","When to Use Each OOP Feature","intermediate","15","3","1","1656"
"csharp","C# Programming","module-07","Object-Oriented Programming Basics","lesson-07-06","Records (C# 9+)","intermediate","15","3","1","1709"
"csharp","C# Programming","module-07","Object-Oriented Programming Basics","lesson-07-07","Primary Constructors (C# 12)","intermediate","15","3","1","1579"
"csharp","C# Programming","module-08","Advanced OOP Concepts","lesson-08-01","Exceptions & try/catch (Planning for Problems)","intermediate","15","3","1","1462"
"csharp","C# Programming","module-08","Advanced OOP Concepts","lesson-08-02","The finally Block & Custom Exceptions","intermediate","15","3","1","1519"
"csharp","C# Programming","module-08","Advanced OOP Concepts","lesson-08-03","Namespaces (Organizing Your Blueprints)","intermediate","15","3","1","1444"
"csharp","C# Programming","module-08","Advanced OOP Concepts","lesson-08-04","Using System Libraries (Built-In Tools)","intermediate","15","3","1","1368"
"csharp","C# Programming","module-08","Advanced OOP Concepts","lesson-08-05","NuGet (The App Store for Code)","intermediate","15","3","1","1562"
"csharp","C# Programming","module-09","LINQ and Query Expressions","lesson-09-01","What is LINQ? (The Search Engine Analogy)","intermediate","15","3","1","1528"
"csharp","C# Programming","module-09","LINQ and Query Expressions","lesson-09-02","IEnumerable<T> (The Stream of Data)","intermediate","15","3","1","1508"
"csharp","C# Programming","module-09","LINQ and Query Expressions","lesson-09-03","Filtering with .Where() (The Filter Funnel)","intermediate","15","3","1","1375"
"csharp","C# Programming","module-09","LINQ and Query Expressions","lesson-09-04","Transforming with .Select() (The Transformation Machine)","intermediate","15","3","1","1422"
"csharp","C# Programming","module-09","LINQ and Query Expressions","lesson-09-05","Sorting & Aggregating (.OrderBy, .Sum, .Count)","intermediate","15","3","1","1460"
"csharp","C# Programming","module-09","LINQ and Query Expressions","lesson-09-06","Advanced LINQ (GroupBy, SelectMany, Join)","advanced","20","3","1","1777"
"csharp","C# Programming","module-09","LINQ and Query Expressions","lesson-09-07","New in .NET 9: CountBy and AggregateBy","intermediate","15","3","1","2048"
"csharp","C# Programming","module-10","Asynchronous Programming","lesson-10-01","Synchronous vs. Asynchronous (Restaurant Buzzer Analogy)","intermediate","15","3","1","1530"
"csharp","C# Programming","module-10","Asynchronous Programming","lesson-10-02","The async & await Keywords (The Modern Way)","intermediate","15","3","1","1529"
"csharp","C# Programming","module-10","Asynchronous Programming","lesson-10-03","Task<T> (The Promise of a Future Result)","intermediate","15","3","1","1518"
"csharp","C# Programming","module-10","Asynchronous Programming","lesson-10-04","Common Async Patterns & Best Practices","intermediate","15","3","1","1593"
"csharp","C# Programming","module-10","Asynchronous Programming","lesson-10-05","Thread Safety with the Lock Type (C# 13)","intermediate","15","4","1","3042"
"csharp","C# Programming","module-11","ASP.NET Core & Web APIs","lesson-11-01","What is ASP.NET Core? (The Web Application Factory)","advanced","15","3","1","1573"
"csharp","C# Programming","module-11","ASP.NET Core & Web APIs","lesson-11-02","Building Your First Minimal API (The Data Menu)","advanced","15","3","1","1310"
"csharp","C# Programming","module-11","ASP.NET Core & Web APIs","lesson-11-03","Routing (MapGet, MapPost, MapPut, MapDelete)","advanced","15","3","1","1502"
"csharp","C# Programming","module-11","ASP.NET Core & Web APIs","lesson-11-04","Dependency Injection (The Supply Manager)","advanced","15","3","1","1548"
"csharp","C# Programming","module-11","ASP.NET Core & Web APIs","lesson-11-05","Returning Data & Status Codes (Speaking HTTP)","advanced","15","3","1","1649"
"csharp","C# Programming","module-11","ASP.NET Core & Web APIs","lesson-11-06","Authentication & Authorization (The Security Guard)","advanced","25","3","1","1975"
"csharp","C# Programming","module-12","File I/O, Databases & Caching","lesson-12-01","Why Databases? (Beyond Text Files)","advanced","15","3","1","1685"
"csharp","C# Programming","module-12","File I/O, Databases & Caching","lesson-12-02","What is an ORM? (The Translator Analogy)","advanced","15","3","1","1672"
"csharp","C# Programming","module-12","File I/O, Databases & Caching","lesson-12-03","Entity Framework Core Basics","advanced","15","3","1","1552"
"csharp","C# Programming","module-12","File I/O, Databases & Caching","lesson-12-04","Code-First Design (Databases from C# Classes)","advanced","15","3","1","1466"
"csharp","C# Programming","module-12","File I/O, Databases & Caching","lesson-12-05","DbContext & DbSet (Your Database Connection)","advanced","15","3","1","1466"
"csharp","C# Programming","module-12","File I/O, Databases & Caching","lesson-12-06","Migrations & Bulk Operations","advanced","15","3","1","1481"
"csharp","C# Programming","module-12","File I/O, Databases & Caching","lesson-12-07","EF Core Compiled Models (Startup Performance)","advanced","15","3","1","1439"
"csharp","C# Programming","module-12","File I/O, Databases & Caching","lesson-12-08","HybridCache (Modern Caching)","advanced","15","3","1","1519"
"csharp","C# Programming","module-13","Building Interactive UIs with Blazor","lesson-13-01","What is Blazor? (C# in the Browser!)","advanced","15","3","1","1562"
"csharp","C# Programming","module-13","Building Interactive UIs with Blazor","lesson-13-02","Blazor Rendering Modes (.NET 8)","advanced","15","3","1","1460"
"csharp","C# Programming","module-13","Building Interactive UIs with Blazor","lesson-13-03","Creating Razor Components (Building Blocks)","advanced","15","3","1","1303"
"csharp","C# Programming","module-13","Building Interactive UIs with Blazor","lesson-13-04","Component Parameters (Customization)","advanced","15","3","1","1314"
"csharp","C# Programming","module-13","Building Interactive UIs with Blazor","lesson-13-05","Event Handling (@onclick, @onchange)","advanced","15","3","1","1235"
"csharp","C# Programming","module-13","Building Interactive UIs with Blazor","lesson-13-06","Data Binding (@bind Directive)","advanced","15","3","1","1226"
"csharp","C# Programming","module-13","Building Interactive UIs with Blazor","lesson-13-07","QuickGrid Component (.NET 8 Feature)","advanced","15","3","1","1370"
"csharp","C# Programming","module-14","Blazor, .NET Aspire & Deployment","lesson-14-01","Connecting Blazor to API (Frontend + Backend)","advanced","15","3","1","1376"
"csharp","C# Programming","module-14","Blazor, .NET Aspire & Deployment","lesson-14-02","Full CRUD Operations (Complete Data Management)","advanced","15","3","1","1264"
"csharp","C# Programming","module-14","Blazor, .NET Aspire & Deployment","lesson-14-03",".NET Aspire (Modern Distributed Apps)","advanced","20","4","1","2047"
"csharp","C# Programming","module-14","Blazor, .NET Aspire & Deployment","lesson-14-04","Version Control with Git (Save Your Work!)","advanced","15","3","1","1158"
"csharp","C# Programming","module-14","Blazor, .NET Aspire & Deployment","lesson-14-05","Deploying to Azure (Go Live!)","advanced","15","3","1","1190"
"csharp","C# Programming","module-14","Blazor, .NET Aspire & Deployment","lesson-14-06","Next Steps (Your Journey Continues!)","advanced","15","3","1","1106"
"csharp","C# Programming","module-15","Unit Testing with xUnit","lesson-15-01","xUnit Testing Fundamentals (The Quality Check)","intermediate","20","3","1","1618"
"csharp","C# Programming","module-15","Unit Testing with xUnit","lesson-15-02","Mocking Dependencies (Fake Collaborators)","advanced","20","3","1","1731"
"csharp","C# Programming","module-15","Unit Testing with xUnit","lesson-15-03","Integration Testing & Test Organization","advanced","15","3","1","1820"
"csharp","C# Programming","module-16","Building Cloud-Native Apps with .NET Aspire","lesson-16-01","What is .NET Aspire? (The Orchestration Layer)","advanced","25","3","1","2028"
"csharp","C# Programming","module-16","Building Cloud-Native Apps with .NET Aspire","lesson-16-02","Service Discovery & Communication","advanced","25","3","1","1984"
"csharp","C# Programming","module-16","Building Cloud-Native Apps with .NET Aspire","lesson-16-03","Observability: Logs, Metrics, Traces (OpenTelemetry)","advanced","25","3","1","2090"
"csharp","C# Programming","module-16","Building Cloud-Native Apps with .NET Aspire","lesson-16-04","Resilience Patterns (Polly, Circuit Breakers)","advanced","25","3","1","2098"
"csharp","C# Programming","module-16","Building Cloud-Native Apps with .NET Aspire","lesson-16-05","Deploying to Azure Container Apps","advanced","20","3","1","1973"
"csharp","C# Programming","module-17","Native AOT and Performance Optimization","lesson-17-01","What is Native AOT? (No JIT Required!)","advanced","25","3","1","2292"
"csharp","C# Programming","module-17","Native AOT and Performance Optimization","lesson-17-02","Enabling AOT in Your Projects","advanced","25","3","1","2322"
"csharp","C# Programming","module-17","Native AOT and Performance Optimization","lesson-17-03","Source Generators for AOT","advanced","25","3","1","2572"
"csharp","C# Programming","module-17","Native AOT and Performance Optimization","lesson-17-04","Minimal APIs with AOT","advanced","25","3","1","2307"
"csharp","C# Programming","module-17","Native AOT and Performance Optimization","lesson-17-05","Benchmarking with BenchmarkDotNet","advanced","20","3","1","2387"
"csharp","C# Programming","module-18","Modern API Development with OpenAPI & Scalar","lesson-18-01","OpenAPI in .NET 9 (Built-in Support)","advanced","25","3","1","2497"
"csharp","C# Programming","module-18","Modern API Development with OpenAPI & Scalar","lesson-18-02","Scalar: Modern API Documentation UI","advanced","25","3","1","2377"
"csharp","C# Programming","module-18","Modern API Development with OpenAPI & Scalar","lesson-18-03","API Versioning Strategies","advanced","25","3","1","2566"
"csharp","C# Programming","module-18","Modern API Development with OpenAPI & Scalar","lesson-18-04","Generating Typed Clients with Kiota","advanced","25","3","1","2540"
"csharp","C# Programming","module-18","Modern API Development with OpenAPI & Scalar","lesson-18-05","API Security Documentation","advanced","25","3","1","2499"
"flutter","Flutter Complete Development Course","module-00","Module 0: Flutter Development","0.1","Module 0, Lesson 1: Installing Flutter & Dart SDK","beginner","40","7","1","3877"
"flutter","Flutter Complete Development Course","module-00","Module 0: Flutter Development","0.2","Module 0, Lesson 2: Setting Up Your Editor","beginner","45","7","1","2858"
"flutter","Flutter Complete Development Course","module-00","Module 0: Flutter Development","0.3","Module 0, Lesson 3: Running Your First ""Hello World""","beginner","60","11","1","5709"
"flutter","Flutter Complete Development Course","module-00","Module 0: Flutter Development","0.4","Module 0, Lesson 4: Understanding the Emulator vs Physical Device","beginner","60","13","1","7458"
"flutter","Flutter Complete Development Course","module-00","Module 0: Flutter Development","0.5","Module 0, Lesson 5: Troubleshooting Common Setup Issues","beginner","60","18","1","10034"
"flutter","Flutter Complete Development Course","module-01","Module 1: Flutter Development","1.1","Module 1, Lesson 1: What is Code?","beginner","60","11","1","4420"
"flutter","Flutter Complete Development Course","module-01","Module 1: Flutter Development","1.2","Module 1, Lesson 2: Storing Information (Variables)","beginner","60","13","1","5497"
"flutter","Flutter Complete Development Course","module-01","Module 1: Flutter Development","1.3","Module 1, Lesson 3: Making Decisions (if/else)","beginner","60","12","1","3583"
"flutter","Flutter Complete Development Course","module-01","Module 1: Flutter Development","1.4","Module 1, Lesson 4: Repeating Actions (Loops)","beginner","60","13","1","3499"
"flutter","Flutter Complete Development Course","module-01","Module 1: Flutter Development","1.5","Module 1, Lesson 5: Reusable Instructions (Functions)","beginner","60","16","1","3392"
"flutter","Flutter Complete Development Course","module-01","Module 1: Flutter Development","1.6","Module 1, Lesson 6: Organizing Collections (Lists and Maps)","beginner","60","18","1","2772"
"flutter","Flutter Complete Development Course","module-01","Module 1: Flutter Development","1.7","Module 1, Lesson 7: Mini-Project - Number Guessing Game","beginner","60","12","1","3206"
"flutter","Flutter Complete Development Course","module-01","Module 1: Flutter Development","1.8","Module 1, Lesson 8: Dart 3 Modern Features","intermediate","75","20","3","7330"
"flutter","Flutter Complete Development Course","module-02","Module 2: Flutter Development","2.1","Module 2, Lesson 1: What Happens When You Run an App?","beginner","60","13","1","5448"
"flutter","Flutter Complete Development Course","module-02","Module 2: Flutter Development","2.2","Module 2, Lesson 2: Building Blocks (Widgets)","beginner","40","7","1","5010"
"flutter","Flutter Complete Development Course","module-02","Module 2: Flutter Development","2.3","Module 2, Lesson 3: Displaying and Styling Text","beginner","60","10","1","1468"
"flutter","Flutter Complete Development Course","module-02","Module 2: Flutter Development","2.4","Module 2, Lesson 4: Displaying Images","beginner","60","11","1","1787"
"flutter","Flutter Complete Development Course","module-02","Module 2: Flutter Development","2.5","Module 2, Lesson 5: The Container Widget","beginner","60","12","1","1816"
"flutter","Flutter Complete Development Course","module-02","Module 2: Flutter Development","2.6","Module 2, Lesson 6: Arranging Widgets (Column & Row)","beginner","60","11","1","2033"
"flutter","Flutter Complete Development Course","module-02","Module 2: Flutter Development","2.7","Module 2, Lesson 7: Dart 3.10 Dot Shorthands","beginner","30","5","1","1726"
"flutter","Flutter Complete Development Course","module-02","Module 2: Flutter Development","2.8","Module 2, Lesson 8: Mini-Project - Business Card App","beginner","60","10","1","1534"
"flutter","Flutter Complete Development Course","module-03","Module 3: Flutter Development","3.1","Module 3, Lesson 1: Scrollable Lists (ListView)","beginner","45","7","1","878"
"flutter","Flutter Complete Development Course","module-03","Module 3: Flutter Development","3.2","Module 3, Lesson 2: Photo Grids (GridView)","beginner","30","4","1","537"
"flutter","Flutter Complete Development Course","module-03","Module 3: Flutter Development","3.3","Module 3, Lesson 3: Layering Widgets (Stack)","beginner","20","2","1","364"
"flutter","Flutter Complete Development Course","module-03","Module 3: Flutter Development","3.4","Module 3, Lesson 4: Responsive Layouts","beginner","30","5","1","823"
"flutter","Flutter Complete Development Course","module-03","Module 3: Flutter Development","3.5","Module 3, Lesson 5: Creating Custom Widgets","beginner","35","5","1","491"
"flutter","Flutter Complete Development Course","module-03","Module 3: Flutter Development","3.6","Module 3, Lesson 6: Advanced Scrolling Techniques","beginner","45","7","1","555"
"flutter","Flutter Complete Development Course","module-03","Module 3: Flutter Development","3.7","App Theming with Material 3","beginner","60","14","0","6906"
"flutter","Flutter Complete Development Course","module-03","Module 3: Flutter Development","3.8","Module 3, Lesson 7: Mini-Project - Instagram-Style Feed","beginner","30","4","1","954"
"flutter","Flutter Complete Development Course","module-04","Module 4: Flutter Development","4.1","Module 4, Lesson 1: Making Things Clickable (Buttons)","beginner","45","7","1","716"
"flutter","Flutter Complete Development Course","module-04","Module 4: Flutter Development","4.2","Module 4, Lessons 2-3: Text Input and Forms","beginner","25","3","1","348"
"flutter","Flutter Complete Development Course","module-04","Module 4: Flutter Development","4.3","Module 4, Lesson 3: Gestures and Touch Interactions","beginner","60","10","1","1275"
"flutter","Flutter Complete Development Course","module-04","Module 4: Flutter Development","4.4","Module 4, Lessons 4-5: StatefulWidget and Managing State","beginner","40","6","1","1106"
"flutter","Flutter Complete Development Course","module-04","Module 4: Flutter Development","4.5","Module 4, Mini-Project: Interactive Notes App","beginner","40","6","1","1979"
"flutter","Flutter Complete Development Course","module-05","Module 5: Flutter Development","5.1","Module 5, Lesson 1: Understanding State Management","beginner","40","6","1","1255"
"flutter","Flutter Complete Development Course","module-05","Module 5: Flutter Development","5.2","Module 5, Lesson 2: Provider Deep Dive","beginner","40","6","1","888"
"flutter","Flutter Complete Development Course","module-05","Module 5: Flutter Development","5.3","Module 5, Lesson 3: Introduction to Riverpod","beginner","60","11","1","2023"
"flutter","Flutter Complete Development Course","module-05","Module 5: Flutter Development","5.4","Module 5, Lesson 4: Advanced Riverpod Patterns","beginner","60","11","1","1741"
"flutter","Flutter Complete Development Course","module-05","Module 5: Flutter Development","5.5","Module 5, Lesson 5: State Management Best Practices","beginner","60","20","1","4512"
"flutter","Flutter Complete Development Course","module-05","Module 5: Flutter Development","5.6","Module 5, Mini-Project: Task Management App with Riverpod","beginner","25","5","0","1652"
"flutter","Flutter Complete Development Course","module-06","Module 6: Flutter Development","6.1","Module 6, Lesson 1: Basic Navigation","intermediate","60","12","1","1577"
"flutter","Flutter Complete Development Course","module-06","Module 6: Flutter Development","6.2","Module 6, Lesson 2: Named Routes","intermediate","55","9","1","1556"
"flutter","Flutter Complete Development Course","module-06","Module 6: Flutter Development","6.3","Module 6, Lesson 3: Modern Navigation with GoRouter","intermediate","60","18","0","4286"
"flutter","Flutter Complete Development Course","module-06","Module 6: Flutter Development","6.4","Module 6, Lesson 4: Deep Linking","intermediate","60","17","1","6480"
"flutter","Flutter Complete Development Course","module-06","Module 6: Flutter Development","6.5","Module 6, Lesson 5: Bottom Navigation Bar","intermediate","60","15","1","5036"
"flutter","Flutter Complete Development Course","module-06","Module 6: Flutter Development","6.6","Module 6, Lesson 6: Tab Bars and TabBarView","intermediate","60","15","1","4948"
"flutter","Flutter Complete Development Course","module-06","Module 6: Flutter Development","6.7","Module 6, Lesson 7: Drawer Navigation","intermediate","60","12","1","4718"
"flutter","Flutter Complete Development Course","module-06","Module 6: Flutter Development","6.8","Module 6, Lesson 8: Handling Back Navigation with PopScope","intermediate","25","4","1","722"
"flutter","Flutter Complete Development Course","module-06","Module 6: Flutter Development","6.9","Module 6, Mini-Project: Social Media App with Complete Navigation","intermediate","60","10","1","5027"
"flutter","Flutter Complete Development Course","module-07","Module 7: Flutter Development","7.1","Module 7, Lesson 1: HTTP Requests and APIs","intermediate","60","14","1","4304"
"flutter","Flutter Complete Development Course","module-07","Module 7: Flutter Development","7.2","Module 7, Lesson 2: JSON Parsing and Serialization","intermediate","60","15","1","6575"
"flutter","Flutter Complete Development Course","module-07","Module 7: Flutter Development","7.3","Module 7, Lesson 3: Error Handling and Loading States","intermediate","60","13","1","3894"
"flutter","Flutter Complete Development Course","module-07","Module 7: Flutter Development","7.4","Module 7, Lesson 4: Authentication and Headers","intermediate","60","17","0","7621"
"flutter","Flutter Complete Development Course","module-07","Module 7: Flutter Development","7.5","Module 7, Lesson 5: Dio Package - Advanced HTTP Client","intermediate","60","19","0","6513"
"flutter","Flutter Complete Development Course","module-07","Module 7: Flutter Development","7.6","Module 7, Lesson 6: Pagination and Infinite Scroll","intermediate","60","17","0","6327"
"flutter","Flutter Complete Development Course","module-07","Module 7: Flutter Development","7.7","Module 7, Lesson 7: File Upload and Download","intermediate","60","14","0","5614"
"flutter","Flutter Complete Development Course","module-07","Module 7: Flutter Development","7.8","Module 7, Lesson 8: Mini-Project - Social Media App","intermediate","60","13","0","4752"
"flutter","Flutter Complete Development Course","module-08","Module 8: Flutter Development","8.1","Module 8, Lesson 1: Introduction to Backend Services & Firebase Setup","intermediate","60","30","0","12282"
"flutter","Flutter Complete Development Course","module-08","Module 8: Flutter Development","8.1.5","Module 8, Lesson 1.5: Supabase - The Open Source Alternative","intermediate","75","9","1","8027"
"flutter","Flutter Complete Development Course","module-08","Module 8: Flutter Development","8.2","Module 8, Lesson 2: Firebase Authentication","intermediate","60","22","0","6426"
"flutter","Flutter Complete Development Course","module-08","Module 8: Flutter Development","8.3","Module 8, Lesson 3: Cloud Firestore - Database Operations","intermediate","60","19","0","5665"
"flutter","Flutter Complete Development Course","module-08","Module 8: Flutter Development","8.4","Module 8, Lesson 4: Firebase Cloud Storage - File Storage","intermediate","60","15","0","6243"
"flutter","Flutter Complete Development Course","module-08","Module 8: Flutter Development","8.5","Module 8, Lesson 5: Firebase Security Rules","intermediate","60","16","0","6667"
"flutter","Flutter Complete Development Course","module-08","Module 8: Flutter Development","8.6","Module 8, Lesson 6: Real-Time Features with Firebase","intermediate","60","13","0","4895"
"flutter","Flutter Complete Development Course","module-08","Module 8: Flutter Development","8.7","Module 8, Lesson 7: Push Notifications & Analytics","intermediate","60","13","0","6377"
"flutter","Flutter Complete Development Course","module-08","Module 8: Flutter Development","8.8","Module 8, Lesson 8: Mini-Project - Complete Firebase Social App","intermediate","60","12","0","5214"
"flutter","Flutter Complete Development Course","module-09","Module 9: Flutter Development","9.1","Lesson 1: Introduction to Animations","intermediate","60","13","0","6076"
"flutter","Flutter Complete Development Course","module-09","Module 9: Flutter Development","9.2","Lesson 2: Camera and Photo Gallery","intermediate","60","12","0","6330"
"flutter","Flutter Complete Development Course","module-09","Module 9: Flutter Development","9.3","Lesson 3: Local Storage with Hive","intermediate","60","13","0","5624"
"flutter","Flutter Complete Development Course","module-09","Module 9: Flutter Development","9.4","Lesson 4: SQLite Database","intermediate","60","13","0","5692"
"flutter","Flutter Complete Development Course","module-09","Module 9: Flutter Development","9.5","Lesson 5: Maps and Location","intermediate","60","13","0","5680"
"flutter","Flutter Complete Development Course","module-09","Module 9: Flutter Development","9.6","Lesson 6: Device Features (Sensors & Biometrics)","intermediate","55","14","0","13941"
"flutter","Flutter Complete Development Course","module-09","Module 9: Flutter Development","9.7","Lesson 7: Background Tasks & Workmanager","intermediate","60","12","0","6486"
"flutter","Flutter Complete Development Course","module-09","Module 9: Flutter Development","9.8","Lesson 8: Mini-Project - Fitness Tracker App","intermediate","60","12","0","4195"
"flutter","Flutter Complete Development Course","module-10","Module 10: Flutter Development","10.1","Module 10: Testing - Complete Lesson Structure","advanced","20","2","0","2990"
"flutter","Flutter Complete Development Course","module-10","Module 10: Flutter Development","10.2","Watch mode (re-run on file changes)","advanced","60","15","0","6449"
"flutter","Flutter Complete Development Course","module-10","Module 10: Flutter Development","10.3","Lesson 2: Widget Testing","advanced","60","14","0","5420"
"flutter","Flutter Complete Development Course","module-10","Module 10: Flutter Development","10.4","Lesson 3: Mocking Dependencies","advanced","60","14","0","4778"
"flutter","Flutter Complete Development Course","module-10","Module 10: Flutter Development","10.5","Run on all connected devices","advanced","60","14","0","8242"
"flutter","Flutter Complete Development Course","module-10","Module 10: Flutter Development","10.6","End-to-End Testing with Firebase Test Lab","advanced","60","15","0","11401"
"flutter","Flutter Complete Development Course","module-10","Module 10: Flutter Development","10.7","View in browser","advanced","60","14","0","9300"
"flutter","Flutter Complete Development Course","module-10","Module 10: Flutter Development","10.8","CI/CD for Flutter Apps","advanced","60","14","0","8694"
"flutter","Flutter Complete Development Course","module-10","Module 10: Flutter Development","10.9","Testing Best Practices Mini-Project","advanced","55","11","0","4560"
"flutter","Flutter Complete Development Course","module-11","Module 11: Flutter Development","11.1","iOS","advanced","60","15","0","7958"
"flutter","Flutter Complete Development Course","module-11","Module 11: Flutter Development","11.2","iOS","advanced","60","13","0","12230"
"flutter","Flutter Complete Development Course","module-12","Module 12: Flutter Development","12.1","Module 12: Final Capstone Project","advanced","55","11","0","8702"
"flutter","Flutter Complete Development Course","module-13","Module 13: Advanced State Management with Riverpod & Hooks","13.1","Module 13, Lesson 1: Why Riverpod? Provider Limitations","intermediate","45","4","1","961"
"flutter","Flutter Complete Development Course","module-13","Module 13: Advanced State Management with Riverpod & Hooks","13.2","Module 13, Lesson 2: Riverpod Fundamentals","intermediate","60","3","1","661"
"flutter","Flutter Complete Development Course","module-13","Module 13: Advanced State Management with Riverpod & Hooks","13.3","Module 13, Lesson 3: Notifier & NotifierProvider","intermediate","55","3","1","224"
"flutter","Flutter Complete Development Course","module-13","Module 13: Advanced State Management with Riverpod & Hooks","13.4","Module 13, Lesson 4: Riverpod Generator & Code Generation","intermediate","50","4","1","1128"
"flutter","Flutter Complete Development Course","module-13","Module 13: Advanced State Management with Riverpod & Hooks","13.5","Module 13, Lesson 5: AsyncValue & Error Handling","intermediate","45","4","1","600"
"flutter","Flutter Complete Development Course","module-13","Module 13: Advanced State Management with Riverpod & Hooks","13.6","Module 13, Lesson 6: Flutter Hooks Fundamentals","intermediate","50","4","1","825"
"flutter","Flutter Complete Development Course","module-13","Module 13: Advanced State Management with Riverpod & Hooks","13.7","Module 13, Lesson 7: Combining Riverpod + Hooks","advanced","45","2","1","389"
"flutter","Flutter Complete Development Course","module-13","Module 13: Advanced State Management with Riverpod & Hooks","13.8","Module 13, Lesson 8: Mini-Project - Todo App with Riverpod","advanced","90","3","1","347"
"flutter","Flutter Complete Development Course","module-14","Module 14: Flutter Web with WebAssembly (Wasm)","14.1","Module 14, Lesson 1: Flutter Web Architecture","intermediate","40","4","1","1589"
"flutter","Flutter Complete Development Course","module-14","Module 14: Flutter Web with WebAssembly (Wasm)","14.2","Module 14, Lesson 2: Building for Wasm","intermediate","35","4","1","1188"
"flutter","Flutter Complete Development Course","module-14","Module 14: Flutter Web with WebAssembly (Wasm)","14.3","Module 14, Lesson 3: Browser Compatibility","intermediate","30","4","1","1472"
"flutter","Flutter Complete Development Course","module-14","Module 14: Flutter Web with WebAssembly (Wasm)","14.4","Module 14, Lesson 4: Performance Optimization","intermediate","45","4","1","1618"
"flutter","Flutter Complete Development Course","module-14","Module 14: Flutter Web with WebAssembly (Wasm)","14.5","Module 14, Lesson 5: PWA Configuration","intermediate","40","4","1","1853"
"flutter","Flutter Complete Development Course","module-14","Module 14: Flutter Web with WebAssembly (Wasm)","14.6","Module 14, Lesson 6: Deployment","intermediate","50","4","1","1870"
"flutter","Flutter Complete Development Course","module-14","Module 14: Flutter Web with WebAssembly (Wasm)","14.7","Module 14, Lesson 7: Mini-Project - Portfolio PWA","intermediate","80","3","1","1211"
"flutter","Flutter Complete Development Course","module-15","Module 15: Offline-First Architecture with Drift & Isar","15.1","Module 15, Lesson 1: Offline-First Principles","intermediate","40","4","1","2048"
"flutter","Flutter Complete Development Course","module-15","Module 15: Offline-First Architecture with Drift & Isar","15.2","Module 15, Lesson 2: Drift Setup & Type-Safe SQL","intermediate","55","5","1","1285"
"flutter","Flutter Complete Development Course","module-15","Module 15: Offline-First Architecture with Drift & Isar","15.3","Module 15, Lesson 3: Drift DAOs & Complex Queries","intermediate","50","5","1","914"
"flutter","Flutter Complete Development Course","module-15","Module 15: Offline-First Architecture with Drift & Isar","15.4","Module 15, Lesson 4: Drift Migrations","intermediate","45","4","1","1174"
"flutter","Flutter Complete Development Course","module-15","Module 15: Offline-First Architecture with Drift & Isar","15.5","Module 15, Lesson 5: Isar NoSQL - Setup & CRUD","intermediate","50","5","1","720"
"flutter","Flutter Complete Development Course","module-15","Module 15: Offline-First Architecture with Drift & Isar","15.6","Module 15, Lesson 6: Isar Indexes & Query Optimization","intermediate","40","5","1","1438"
"flutter","Flutter Complete Development Course","module-15","Module 15: Offline-First Architecture with Drift & Isar","15.7","Module 15, Lesson 7: Sync Engine - Local-First with Cloud Backup","advanced","60","5","1","620"
"flutter","Flutter Complete Development Course","module-15","Module 15: Offline-First Architecture with Drift & Isar","15.8","Module 15, Lesson 8: Mini-Project - Notes App with Offline Sync","advanced","90","5","1","1108"
"java","Java From First Principles to Full-Stack","module-01","Java Fundamentals","epoch-0-lesson-1","Lesson 0.1: What is a Computer Program?","beginner","15","4","0","3040"
"java","Java From First Principles to Full-Stack","module-01","Java Fundamentals","epoch-0-lesson-2","Lesson 0.2: Your First Java Program","beginner","20","4","2","1975"
"java","Java From First Principles to Full-Stack","module-01","Java Fundamentals","epoch-0-lesson-3","Lesson 0.3: Understanding Variables","beginner","25","7","2","4062"
"java","Java From First Principles to Full-Stack","module-01","Java Fundamentals","epoch-0-lesson-4","Lesson 0.4: Making Decisions with If/Else","beginner","30","6","2","2727"
"java","Java From First Principles to Full-Stack","module-01","Java Fundamentals","epoch-0-lesson-5","Lesson 0.5: Switch Expressions & Pattern Matching","intermediate","40","8","3","5094"
"java","Java From First Principles to Full-Stack","module-01","Java Fundamentals","epoch-0-lesson-6","Lesson 0.6: Modern Java Syntax - Writing Less Code (Java 23+)","beginner","35","7","1","3840"
"java","Java From First Principles to Full-Stack","module-02","Data Types, Loops, and Methods","epoch-1-lesson-1","Lesson 1.1: Data Types in Depth","beginner","30","5","2","3422"
"java","Java From First Principles to Full-Stack","module-02","Data Types, Loops, and Methods","epoch-1-lesson-2","Lesson 1.2: Operators and Expressions","beginner","30","6","2","3062"
"java","Java From First Principles to Full-Stack","module-02","Data Types, Loops, and Methods","epoch-1-lesson-3","Lesson 1.3: While Loops - Mastering Repetition","beginner","35","5","2","2668"
"java","Java From First Principles to Full-Stack","module-02","Data Types, Loops, and Methods","epoch-1-lesson-4","Lesson 1.4: For Loops - Counting Made Easy","beginner","30","5","3","2693"
"java","Java From First Principles to Full-Stack","module-02","Data Types, Loops, and Methods","epoch-1-lesson-5","Lesson 1.5: Introduction to Methods","beginner","35","5","3","3555"
"java","Java From First Principles to Full-Stack","module-02","Data Types, Loops, and Methods","epoch-1-lesson-6","Lesson 1.6: What Do 'public', 'static', and 'void' Mean?","beginner","40","7","0","5378"
"java","Java From First Principles to Full-Stack","module-03","Object-Oriented Programming","epoch-2-lesson-1","Lesson 2.1: Classes and Objects - The Blueprint","beginner","40","4","1","2339"
"java","Java From First Principles to Full-Stack","module-03","Object-Oriented Programming","epoch-2-lesson-2","Lesson 2.2: Constructors - Better Object Creation","beginner","30","3","1","997"
"java","Java From First Principles to Full-Stack","module-03","Object-Oriented Programming","epoch-2-lesson-3","Lesson 2.3: Encapsulation - Protecting Your Data","beginner","35","5","3","2554"
"java","Java From First Principles to Full-Stack","module-03","Object-Oriented Programming","epoch-2-lesson-4","Lesson 2.4: Inheritance - Building on Existing Classes","beginner","40","6","3","3643"
"java","Java From First Principles to Full-Stack","module-03","Object-Oriented Programming","epoch-2-lesson-5","Lesson 2.5: Polymorphism - One Interface, Many Forms","beginner","40","6","3","3152"
"java","Java From First Principles to Full-Stack","module-03","Object-Oriented Programming","epoch-2-lesson-6","Lesson 2.6: Abstract Classes & Interfaces - Enforcing Contracts","beginner","45","6","3","4339"
"java","Java From First Principles to Full-Stack","module-03","Object-Oriented Programming","epoch-2-lesson-7","Lesson 2.7: Records - Immutable Data Classes","intermediate","35","6","3","4794"
"java","Java From First Principles to Full-Stack","module-04","Collections and Functional Programming","epoch-3-lesson-1","Lesson 3.1: Arrays - Storing Multiple Values","beginner","35","3","1","1146"
"java","Java From First Principles to Full-Stack","module-04","Collections and Functional Programming","epoch-3-lesson-2","Lesson 3.2: ArrayList - Arrays That Grow","beginner","40","5","3","2489"
"java","Java From First Principles to Full-Stack","module-04","Collections and Functional Programming","epoch-3-lesson-3","Lesson 3.3: HashMap - Looking Up by Name","beginner","40","6","3","3006"
"java","Java From First Principles to Full-Stack","module-04","Collections and Functional Programming","epoch-3-lesson-4","Lesson 3.4: LinkedList - A Different Kind of List","beginner","35","6","1","3239"
"java","Java From First Principles to Full-Stack","module-04","Collections and Functional Programming","epoch-3-lesson-5","Lesson 3.5: Sorting, Searching, and Collection Utilities","beginner","40","6","3","3262"
"java","Java From First Principles to Full-Stack","module-04","Collections and Functional Programming","epoch-3-lesson-6","Lesson 3.6: Lambda Expressions - Functions as Data (Java 8+)","intermediate","45","5","2","3456"
"java","Java From First Principles to Full-Stack","module-04","Collections and Functional Programming","epoch-3-lesson-7","Lesson 3.7: Streams - Functional Collection Processing (Java 8+)","intermediate","50","6","4","4976"
"java","Java From First Principles to Full-Stack","module-05","Testing and Build Tools","epoch-4-lesson-1","Lesson 4.1: Why Test Your Code?","intermediate","25","3","0","893"
"java","Java From First Principles to Full-Stack","module-05","Testing and Build Tools","epoch-4-lesson-2","Lesson 4.2: Writing Your First JUnit Tests","intermediate","40","6","2","2897"
"java","Java From First Principles to Full-Stack","module-05","Testing and Build Tools","epoch-4-lesson-3","Lesson 4.3: Test-Driven Development - Write Tests First!","intermediate","35","6","0","3330"
"java","Java From First Principles to Full-Stack","module-05","Testing and Build Tools","epoch-4-lesson-4","Lesson 4.4: Maven - Managing Projects Like a Pro","intermediate","35","8","0","4946"
"java","Java From First Principles to Full-Stack","module-05","Testing and Build Tools","epoch-4-lesson-5-gradle","Lesson 4.5: Build Automation with Gradle","intermediate","35","6","2","2880"
"java","Java From First Principles to Full-Stack","module-05","Testing and Build Tools","epoch-4-lesson-6","Lesson 4.6: Debugging, Logging, and Professional Habits","intermediate","40","7","0","5423"
"java","Java From First Principles to Full-Stack","module-06","Databases and SQL","epoch-5-lesson-1","Lesson 5.1: Why Do We Need Databases?","intermediate","30","3","0","1132"
"java","Java From First Principles to Full-Stack","module-06","Databases and SQL","epoch-5-lesson-2","Lesson 5.2: SQL Basics - Your First Database","intermediate","40","6","0","3133"
"java","Java From First Principles to Full-Stack","module-06","Databases and SQL","epoch-5-lesson-3","Lesson 5.3: SQL Queries - Filtering, Sorting, and Aggregating","intermediate","40","5","0","2744"
"java","Java From First Principles to Full-Stack","module-06","Databases and SQL","epoch-5-lesson-4","Lesson 5.4: JOINs - Connecting Tables","intermediate","45","6","0","3073"
"java","Java From First Principles to Full-Stack","module-06","Databases and SQL","epoch-5-lesson-5","Lesson 5.5: JDBC - Databases + Java","intermediate","45","7","0","4328"
"java","Java From First Principles to Full-Stack","module-07","Web Fundamentals and APIs","epoch-6-lesson-1","Lesson 6.1: How Does the Web Actually Work?","intermediate","30","3","0","1225"
"java","Java From First Principles to Full-Stack","module-07","Web Fundamentals and APIs","epoch-6-lesson-2","Lesson 6.2: REST APIs - The Standard for Web Services","intermediate","40","6","0","3096"
"java","Java From First Principles to Full-Stack","module-07","Web Fundamentals and APIs","epoch-6-lesson-3","Lesson 6.3: HttpClient - Calling APIs from Java","intermediate","40","5","0","3709"
"java","Java From First Principles to Full-Stack","module-08","Spring Boot","epoch-7-lesson-1","Lesson 7.1: Why Spring Boot?","intermediate","35","5","0","2324"
"java","Java From First Principles to Full-Stack","module-08","Spring Boot","epoch-7-lesson-2","Lesson 7.2: REST Controllers - Building Your API","intermediate","45","5","0","3952"
"java","Java From First Principles to Full-Stack","module-08","Spring Boot","epoch-7-lesson-3","Lesson 7.3: Spring Data JPA - No More SQL!","intermediate","45","6","0","4049"
"java","Java From First Principles to Full-Stack","module-08","Spring Boot","epoch-7-lesson-4","Lesson 7.4: Dependency Injection - The Heart of Spring","intermediate","40","8","0","5843"
"java","Java From First Principles to Full-Stack","module-08","Spring Boot","epoch-7-lesson-5","Lesson 7.5: Configuration - Making Your App Flexible","intermediate","45","15","0","10238"
"java","Java From First Principles to Full-Stack","module-08","Spring Boot","epoch-7-lesson-6","Lesson 7.6: Exception Handling - Failing Gracefully","intermediate","45","10","0","10733"
"java","Java From First Principles to Full-Stack","module-08","Spring Boot","epoch-7-lesson-7","Lesson 7.7: Spring Security - Protecting Your API","intermediate","50","12","0","11655"
"java","Java From First Principles to Full-Stack","module-09","Full-Stack Development","epoch-8-lesson-1","Lesson 8.1: Connecting Frontend to Your API","advanced","30","3","0","1213"
"java","Java From First Principles to Full-Stack","module-09","Full-Stack Development","epoch-8-lesson-2","Lesson 8.2: Full-Stack Feature - End to End","advanced","50","6","0","3854"
"java","Java From First Principles to Full-Stack","module-09","Full-Stack Development","epoch-8-lesson-3","Lesson 8.3: REST API Design - Professional Standards","advanced","45","10","0","9619"
"java","Java From First Principles to Full-Stack","module-09","Full-Stack Development","epoch-8-lesson-4","Lesson 8.4: Error Handling - From Database to UI","advanced","50","9","0","11826"
"java","Java From First Principles to Full-Stack","module-09","Full-Stack Development","epoch-8-lesson-5","Lesson 8.5: Deployment - From Laptop to Production","advanced","55","24","0","10678"
"java","Java From First Principles to Full-Stack","module-09","Full-Stack Development","epoch-8-lesson-6","Lesson 8.6: Complete Feature - Database to UI","advanced","60","11","0","16296"
"java","Java From First Principles to Full-Stack","module-09","Full-Stack Development","epoch-8-lesson-7","Lesson 8.7: Virtual Threads (Project Loom) - Modern Concurrency","advanced","55","12","3","11125"
"java","Java From First Principles to Full-Stack","module-10","Capstone Project","epoch-9-lesson-1","Lesson 9.1: Your Capstone Project","advanced","60","4","0","2097"
"java","Java From First Principles to Full-Stack","module-10","Capstone Project","epoch-9-lesson-2","Lesson 9.2: Planning Your Capstone - From Idea to Action Plan","advanced","45","11","0","10632"
"java","Java From First Principles to Full-Stack","module-10","Capstone Project","epoch-9-lesson-3","Lesson 9.3: Setting Up Your Dev Environment","advanced","60","20","0","14566"
"java","Java From First Principles to Full-Stack","module-10","Capstone Project","epoch-9-lesson-4","Lesson 9.4: Building Your Backend - Entities and Repositories","advanced","50","11","0","15013"
"java","Java From First Principles to Full-Stack","module-10","Capstone Project","epoch-9-lesson-5","Lesson 9.5: Services and Controllers - The Business Logic","advanced","55","11","0","20526"
"java","Java From First Principles to Full-Stack","module-10","Capstone Project","epoch-9-lesson-6","Lesson 9.6: Authentication - Securing Your API","advanced","60","11","0","15865"
"java","Java From First Principles to Full-Stack","module-10","Capstone Project","epoch-9-lesson-7","Lesson 9.7: Frontend - Connecting to Your API","advanced","65","11","0","18219"
"java","Java From First Principles to Full-Stack","module-10","Capstone Project","epoch-9-lesson-8","Lesson 9.8: Testing - Making Sure Everything Works","advanced","55","12","0","21511"
"java","Java From First Principles to Full-Stack","module-10","Capstone Project","epoch-9-lesson-9","Lesson 9.9: Deployment - From Local to Production","advanced","60","30","0","9952"
"javascript","JavaScript & TypeScript Full Course","module-01","Module 1: The Absolute Basics (The 'What')","1.1","What Is Programming? (The Recipe Analogy)","beginner","25","4","1","2158"
"javascript","JavaScript & TypeScript Full Course","module-01","Module 1: The Absolute Basics (The 'What')","1.2","Your First Workspace (Running JavaScript)","beginner","25","4","1","2035"
"javascript","JavaScript & TypeScript Full Course","module-01","Module 1: The Absolute Basics (The 'What')","1.3","Leaving Notes for Yourself (Comments)","beginner","25","4","1","1917"
"javascript","JavaScript & TypeScript Full Course","module-02","Module 2: Storing & Using Information (The 'Boxes')","2.1","Variables: Your Labeled Storage Boxes (let and const)","beginner","25","4","1","2818"
"javascript","JavaScript & TypeScript Full Course","module-02","Module 2: Storing & Using Information (The 'Boxes')","2.2","Types of Information: Strings, Numbers, and Booleans","beginner","25","4","1","2536"
"javascript","JavaScript & TypeScript Full Course","module-03","Module 3: Making Decisions (The 'Forks in the Road')","3.1","Teaching Your Code to Choose (if Statements)","beginner","25","4","1","2260"
"javascript","JavaScript & TypeScript Full Course","module-03","Module 3: Making Decisions (The 'Forks in the Road')","3.2","Multiple Paths (else if and else)","beginner","25","4","1","2348"
"javascript","JavaScript & TypeScript Full Course","module-03","Module 3: Making Decisions (The 'Forks in the Road')","3.3","Comparison Operators (How to Compare Things)","beginner","25","4","1","2422"
"javascript","JavaScript & TypeScript Full Course","module-03","Module 3: Making Decisions (The 'Forks in the Road')","3.4","The Loose vs Strict Check (== vs ===)","beginner","25","4","1","2389"
"javascript","JavaScript & TypeScript Full Course","module-03","Module 3: Making Decisions (The 'Forks in the Road')","3.5","Combining Conditions (Logical Operators: &&, ||, !)","beginner","25","4","1","2660"
"javascript","JavaScript & TypeScript Full Course","module-04","Module 4: Repeating Actions (The 'Loops')","4.1","Doing Something a Specific Number of Times (for Loops)","beginner","25","4","1","2651"
"javascript","JavaScript & TypeScript Full Course","module-04","Module 4: Repeating Actions (The 'Loops')","4.2","Looping Until a Condition Changes (while Loops)","beginner","25","4","1","2366"
"javascript","JavaScript & TypeScript Full Course","module-04","Module 4: Repeating Actions (The 'Loops')","4.3","Breaking Out Early (break and continue)","beginner","25","4","1","2691"
"javascript","JavaScript & TypeScript Full Course","module-04","Module 4: Repeating Actions (The 'Loops')","4.4","Looping Through Lists (for...of)","beginner","25","4","1","2771"
"javascript","JavaScript & TypeScript Full Course","module-05","Module 5: Grouping Information (The 'Containers')","5.1","Ordered Lists of Things (Arrays)","beginner","25","4","1","2377"
"javascript","JavaScript & TypeScript Full Course","module-05","Module 5: Grouping Information (The 'Containers')","5.2","Adding and Removing Items (Array Methods: push, pop, shift, unshift)","beginner","25","4","1","2341"
"javascript","JavaScript & TypeScript Full Course","module-05","Module 5: Grouping Information (The 'Containers')","5.3","Searching and Transforming Lists (find, filter, map, reduce)","beginner","25","4","1","4320"
"javascript","JavaScript & TypeScript Full Course","module-05","Module 5: Grouping Information (The 'Containers')","5.4","Dictionaries: Storing Information with Labels (Objects)","beginner","25","4","1","2621"
"javascript","JavaScript & TypeScript Full Course","module-05","Module 5: Grouping Information (The 'Containers')","5.5","Working with Object Properties (Iterating and Manipulating)","beginner","25","4","1","2773"
"javascript","JavaScript & TypeScript Full Course","module-05","Module 5: Grouping Information (The 'Containers')","5.6","Safe Property Access (Optional Chaining and Nullish Coalescing)","intermediate","30","5","2","3802"
"javascript","JavaScript & TypeScript Full Course","module-05","Module 5: Grouping Information (The 'Containers')","5.7","Modern Array Methods (ES2023-2025)","intermediate","35","9","2","6596"
"javascript","JavaScript & TypeScript Full Course","module-05","Module 5: Grouping Information (The 'Containers')","5.8","Modern Set Methods (ES2025)","intermediate","30","9","1","4481"
"javascript","JavaScript & TypeScript Full Course","module-06","Module 6: Creating Reusable Tools (The 'Recipes')","6.1","What Is a Function? (The Recipe Analogy)","intermediate","25","4","1","2758"
"javascript","JavaScript & TypeScript Full Course","module-06","Module 6: Creating Reusable Tools (The 'Recipes')","6.2","The Modern Shorthand (Arrow Functions =>)","intermediate","25","4","1","2788"
"javascript","JavaScript & TypeScript Full Course","module-06","Module 6: Creating Reusable Tools (The 'Recipes')","6.3","Ingredients and Results (Parameters and Return Values)","intermediate","25","4","1","3025"
"javascript","JavaScript & TypeScript Full Course","module-06","Module 6: Creating Reusable Tools (The 'Recipes')","6.4","What's 'In the Kitchen'? (Scope and Variable Visibility)","intermediate","25","4","1","3224"
"javascript","JavaScript & TypeScript Full Course","module-07","Module 7: Working with the Web Page (The 'Browser')","7.1","The Three Layers of a Webpage (HTML, CSS, and JavaScript)","intermediate","25","4","1","3102"
"javascript","JavaScript & TypeScript Full Course","module-07","Module 7: Working with the Web Page (The 'Browser')","7.2","The Browser's Live Blueprint (What Is the DOM?)","intermediate","25","4","1","3368"
"javascript","JavaScript & TypeScript Full Course","module-07","Module 7: Working with the Web Page (The 'Browser')","7.3","Finding Elements on the Page (querySelector)","intermediate","25","4","1","3495"
"javascript","JavaScript & TypeScript Full Course","module-07","Module 7: Working with the Web Page (The 'Browser')","7.4","Changing What Users See (Modifying .textContent and .style)","intermediate","25","4","1","3371"
"javascript","JavaScript & TypeScript Full Course","module-07","Module 7: Working with the Web Page (The 'Browser')","7.5","Responding to User Actions (Event Listeners)","intermediate","25","4","1","4466"
"javascript","JavaScript & TypeScript Full Course","module-08","Module 8: Asynchronous JavaScript (The 'Waiting Game')","8.1","The Restaurant Buzzer (Synchronous vs. Asynchronous)","intermediate","25","4","1","3486"
"javascript","JavaScript & TypeScript Full Course","module-08","Module 8: Asynchronous JavaScript (The 'Waiting Game')","8.2","The Promise of a Future Result (Promises)","intermediate","25","10","1","5677"
"javascript","JavaScript & TypeScript Full Course","module-08","Module 8: Asynchronous JavaScript (The 'Waiting Game')","8.3","Import Attributes (The Customs Declaration Analogy)","intermediate","20","4","1","1510"
"javascript","JavaScript & TypeScript Full Course","module-08","Module 8: Asynchronous JavaScript (The 'Waiting Game')","8.4","The Modern, Clean Way (async and await)","intermediate","25","4","1","4391"
"javascript","JavaScript & TypeScript Full Course","module-08","Module 8: Asynchronous JavaScript (The 'Waiting Game')","8.5","Ordering from the Menu (Using fetch() to Get API Data)","intermediate","25","4","1","4266"
"javascript","JavaScript & TypeScript Full Course","module-09","Module 9: Introducing TypeScript","9.1","Why TypeScript? (The LEGO Instructions Analogy)","intermediate","25","4","1","2235"
"javascript","JavaScript & TypeScript Full Course","module-09","Module 9: Introducing TypeScript","9.2","Your First Types (The Label Maker Analogy)","intermediate","25","4","1","2739"
"javascript","JavaScript & TypeScript Full Course","module-09","Module 9: Introducing TypeScript","9.3","Creating Custom Blueprints (Interfaces and Types)","intermediate","25","4","1","3119"
"javascript","JavaScript & TypeScript Full Course","module-09","Module 9: Introducing TypeScript","9.4","TypeScript Project Setup (The Toolbox Assembly)","intermediate","25","4","1","3399"
"javascript","JavaScript & TypeScript Full Course","module-09","Module 9: Introducing TypeScript","9.5","Converting JavaScript to TypeScript (The Upgrade Path)","intermediate","25","4","1","3663"
"javascript","JavaScript & TypeScript Full Course","module-09","Module 9: Introducing TypeScript","9.6","Generics (The Swiss Army Knife Analogy)","intermediate","30","4","1","3662"
"javascript","JavaScript & TypeScript Full Course","module-09","Module 9: Introducing TypeScript","9.7","Utility Types (The Transformer Toolkit Analogy)","intermediate","30","4","1","3751"
"javascript","JavaScript & TypeScript Full Course","module-09","Module 9: Introducing TypeScript","9.8","Type Guards and Discriminated Unions (The Security Checkpoint Analogy)","intermediate","35","5","1","4969"
"javascript","JavaScript & TypeScript Full Course","module-10","Module 10: Building for the Server with Bun & Hono","10.1","What Is Bun? (The Supercharged Kitchen Analogy)","intermediate","25","5","1","4608"
"javascript","JavaScript & TypeScript Full Course","module-10","Module 10: Building for the Server with Bun & Hono","10.2","Your First Hono Server (The Super-Efficient Manager Analogy)","intermediate","25","5","1","4080"
"javascript","JavaScript & TypeScript Full Course","module-10","Module 10: Building for the Server with Bun & Hono","10.3","Routing and Parameters in Hono (The Address System Analogy)","intermediate","25","5","1","4349"
"javascript","JavaScript & TypeScript Full Course","module-10","Module 10: Building for the Server with Bun & Hono","10.4","Hono Middleware (The Assembly Line Analogy)","intermediate","25","5","1","4955"
"javascript","JavaScript & TypeScript Full Course","module-10","Module 10: Building for the Server with Bun & Hono","10.5","Building a RESTful API with Hono (The Library Catalog Analogy)","intermediate","25","5","1","4532"
"javascript","JavaScript & TypeScript Full Course","module-11","Module 11: Storing Data - Databases & Prisma ORM","11.1","What Are Databases? (The Filing Cabinet Analogy)","advanced","25","4","1","3977"
"javascript","JavaScript & TypeScript Full Course","module-11","Module 11: Storing Data - Databases & Prisma ORM","11.2","Introduction to Prisma ORM (The Translator Analogy)","advanced","25","4","1","4546"
"javascript","JavaScript & TypeScript Full Course","module-11","Module 11: Storing Data - Databases & Prisma ORM","11.3","Writing the Prisma Schema (The Blueprint Analogy)","advanced","25","4","1","5482"
"javascript","JavaScript & TypeScript Full Course","module-11","Module 11: Storing Data - Databases & Prisma ORM","11.4","Running Migrations (The Construction Log Analogy)","advanced","25","4","1","6933"
"javascript","JavaScript & TypeScript Full Course","module-11","Module 11: Storing Data - Databases & Prisma ORM","11.5","Handling Relations (The Social Network Analogy)","advanced","25","4","1","9073"
"javascript","JavaScript & TypeScript Full Course","module-12","Module 12: Building Modern Front-End with React 19","12.1","JSX - JavaScript Meets HTML (But It's NOT HTML!)","advanced","25","5","1","4515"
"javascript","JavaScript & TypeScript Full Course","module-12","Module 12: Building Modern Front-End with React 19","12.2","Components and Props (The LEGO Blocks Analogy)","advanced","25","4","1","4746"
"javascript","JavaScript & TypeScript Full Course","module-12","Module 12: Building Modern Front-End with React 19","12.3","useState Hook - Giving Components Memory (The Light Switch Analogy)","advanced","25","4","1","5517"
"javascript","JavaScript & TypeScript Full Course","module-12","Module 12: Building Modern Front-End with React 19","12.4","Event Handling - Responding to User Actions (The Doorbell Analogy)","advanced","25","4","1","6111"
"javascript","JavaScript & TypeScript Full Course","module-12","Module 12: Building Modern Front-End with React 19","12.5","Conditional Rendering - Showing Different UI Based on State (The Traffic Light Analogy)","advanced","25","4","1","5663"
"javascript","JavaScript & TypeScript Full Course","module-12","Module 12: Building Modern Front-End with React 19","12.6","useEffect Hook - Side Effects & Component Lifecycle (The Security Guard Analogy)","advanced","25","4","1","5894"
"javascript","JavaScript & TypeScript Full Course","module-12","Module 12: Building Modern Front-End with React 19","12.7","React Context API - Global State Without Prop Drilling (The Radio Station Analogy)","advanced","30","4","1","4518"
"javascript","JavaScript & TypeScript Full Course","module-12","Module 12: Building Modern Front-End with React 19","12.8","React + TypeScript - Type-Safe Components (The Contract Analogy)","advanced","35","4","1","4454"
"javascript","JavaScript & TypeScript Full Course","module-12","Module 12: Building Modern Front-End with React 19","12.9","Tailwind CSS with React - Utility-First Styling (The Building Blocks Analogy)","advanced","30","4","1","4663"
"javascript","JavaScript & TypeScript Full Course","module-13","Module 13: Full-Stack Integration - Connecting Front-End & Back-End","13.1","Full-Stack Architecture (The Restaurant Analogy)","advanced","25","5","1","4726"
"javascript","JavaScript & TypeScript Full Course","module-13","Module 13: Full-Stack Integration - Connecting Front-End & Back-End","13.2","CORS - The #1 Error You'll Encounter (The Bouncer Analogy)","advanced","25","5","1","5171"
"javascript","JavaScript & TypeScript Full Course","module-13","Module 13: Full-Stack Integration - Connecting Front-End & Back-End","13.3","Fetching Data with useEffect (The Automated Assistant Analogy)","advanced","25","4","1","6898"
"javascript","JavaScript & TypeScript Full Course","module-13","Module 13: Full-Stack Integration - Connecting Front-End & Back-End","13.4","Complete Full-Stack Example - Todo App with React + Hono + Prisma","advanced","25","5","1","6384"
"javascript","JavaScript & TypeScript Full Course","module-14","Module 14: Deployment & Professional Tools","14.1","Version Control with Git (The Time Machine Analogy)","advanced","25","4","1","4407"
"javascript","JavaScript & TypeScript Full Course","module-14","Module 14: Deployment & Professional Tools","14.2","Deploying Hono Backend (The Portable Restaurant Analogy)","advanced","25","5","1","5199"
"javascript","JavaScript & TypeScript Full Course","module-14","Module 14: Deployment & Professional Tools","14.3","Deploying React Frontend to Vercel (The Storefront Going Live Analogy)","advanced","25","4","1","6449"
"javascript","JavaScript & TypeScript Full Course","module-14","Module 14: Deployment & Professional Tools","14.4","Environment Variables in Production (The Secret Recipe Analogy)","advanced","25","4","1","8950"
"javascript","JavaScript & TypeScript Full Course","module-14","Module 14: Deployment & Professional Tools","14.5","CI/CD with GitHub Actions (The Assembly Line Analogy)","advanced","25","5","1","5209"
"javascript","JavaScript & TypeScript Full Course","module-15","Module 15: Testing JavaScript with Bun","15.1","Why Testing Matters","intermediate","25","3","1","1172"
"javascript","JavaScript & TypeScript Full Course","module-15","Module 15: Testing JavaScript with Bun","15.2","Bun Test Setup & First Test","intermediate","30","4","1","1565"
"javascript","JavaScript & TypeScript Full Course","module-15","Module 15: Testing JavaScript with Bun","15.3","Writing Good Tests (AAA Pattern)","intermediate","30","4","1","1106"
"javascript","JavaScript & TypeScript Full Course","module-15","Module 15: Testing JavaScript with Bun","15.4","Mocking with Bun","intermediate","35","4","1","1508"
"javascript","JavaScript & TypeScript Full Course","module-15","Module 15: Testing JavaScript with Bun","15.5","Testing Async Code with Bun","intermediate","30","4","1","1377"
"javascript","JavaScript & TypeScript Full Course","module-15","Module 15: Testing JavaScript with Bun","15.6","Test Organization with Bun","intermediate","35","4","1","1316"
"javascript","JavaScript & TypeScript Full Course","module-15","Module 15: Testing JavaScript with Bun","15.7","Code Coverage & CI with Bun","intermediate","30","4","1","1493"
"javascript","JavaScript & TypeScript Full Course","module-15","Module 15: Testing JavaScript with Bun","15.8","Integration Testing with Hono","intermediate","45","4","1","1619"
"javascript","JavaScript & TypeScript Full Course","module-16","Module 16: Type-Safe JavaScript with JSDoc","16.1","Why Types Matter (The Blueprint Analogy)","beginner","20","4","1","1262"
"javascript","JavaScript & TypeScript Full Course","module-16","Module 16: Type-Safe JavaScript with JSDoc","16.2","JSDoc Basics (@param, @returns, @type)","beginner","25","4","1","1431"
"javascript","JavaScript & TypeScript Full Course","module-16","Module 16: Type-Safe JavaScript with JSDoc","16.3","Complex Types (@typedef, @template, Unions)","intermediate","25","4","1","1343"
"javascript","JavaScript & TypeScript Full Course","module-16","Module 16: Type-Safe JavaScript with JSDoc","16.4","Type Checking with Bun (// @ts-check)","intermediate","20","4","1","1137"
"javascript","JavaScript & TypeScript Full Course","module-16","Module 16: Type-Safe JavaScript with JSDoc","16.5","Migration Path to TypeScript","intermediate","20","4","1","1212"
"javascript","JavaScript & TypeScript Full Course","module-17","Module 17: ES2025 Modern Patterns","17.1","Modern Promise Patterns (Promise.try & withResolvers)","intermediate","25","5","1","1325"
"javascript","JavaScript & TypeScript Full Course","module-17","Module 17: ES2025 Modern Patterns","17.2","Import Attributes Deep Dive","intermediate","25","4","1","1599"
"javascript","JavaScript & TypeScript Full Course","module-17","Module 17: ES2025 Modern Patterns","17.3","Top-Level Await in Practice","intermediate","20","4","1","1589"
"javascript","JavaScript & TypeScript Full Course","module-17","Module 17: ES2025 Modern Patterns","17.4","ES2025 RegExp Modifiers","intermediate","20","4","1","1311"
"javascript","JavaScript & TypeScript Full Course","module-17","Module 17: ES2025 Modern Patterns","17.5","Decorators Preview (Stage 3)","advanced","25","5","1","1566"
"javascript","JavaScript & TypeScript Full Course","module-18","Module 18: Advanced Bun Features","18.1","Built-in SQLite with bun:sqlite","intermediate","30","5","1","1825"
"javascript","JavaScript & TypeScript Full Course","module-18","Module 18: Advanced Bun Features","18.2","Secure Password Hashing with Bun.password","intermediate","20","4","1","1414"
"javascript","JavaScript & TypeScript Full Course","module-18","Module 18: Advanced Bun Features","18.3","Shell Scripting with Bun Shell","intermediate","25","4","1","1168"
"javascript","JavaScript & TypeScript Full Course","module-18","Module 18: Advanced Bun Features","18.4","Bundling for Production with Bun.build()","intermediate","25","4","1","1293"
"javascript","JavaScript & TypeScript Full Course","module-18","Module 18: Advanced Bun Features","18.5","Calling Native Code with FFI","advanced","30","5","1","1573"
"kotlin","Kotlin Multiplatform Complete Course","module-01","The Absolute Basics","1.1","Lesson 1.1: Introduction to Kotlin & Development Setup","beginner","45","20","0","11370"
"kotlin","Kotlin Multiplatform Complete Course","module-01","The Absolute Basics","1.2","Lesson 1.2: Variables, Data Types & Operators","beginner","55","22","0","8055"
"kotlin","Kotlin Multiplatform Complete Course","module-01","The Absolute Basics","1.3","Lesson 1.3: Control Flow - Conditionals & Loops","beginner","60","12","1","2655"
"kotlin","Kotlin Multiplatform Complete Course","module-01","The Absolute Basics","1.4","Lesson 1.4: Functions & Basic Syntax","beginner","60","24","2","6760"
"kotlin","Kotlin Multiplatform Complete Course","module-01","The Absolute Basics","1.5","Lesson 1.5: Collections & Arrays","beginner","65","20","1","6047"
"kotlin","Kotlin Multiplatform Complete Course","module-01","The Absolute Basics","1.6","Lesson 1.6: Null Safety & Safe Calls","beginner","55","23","0","7455"
"kotlin","Kotlin Multiplatform Complete Course","module-01","The Absolute Basics","1.7","Lesson 1.7: Part 1 Capstone Project - CLI Calculator","beginner","90","14","1","5469"
"kotlin","Kotlin Multiplatform Complete Course","module-01","The Absolute Basics","1.8","Lesson 1.8: Functions with Parameters and Return Values","beginner","65","12","2","11025"
"kotlin","Kotlin Multiplatform Complete Course","module-01","The Absolute Basics","1.9","Lesson 1.9: Part 1 Capstone - Personal Profile Generator","beginner","80","18","0","11168"
"kotlin","Kotlin Multiplatform Complete Course","module-01","The Absolute Basics","1.10","Lesson 1.10: What's New in Kotlin 2.0 & K2 Compiler","beginner","35","10","0","5971"
"kotlin","Kotlin Multiplatform Complete Course","module-02","Controlling the Flow","2.1","Lesson 2.1: Making Decisions - If Statements and Conditional Logic","beginner","60","15","2","11329"
"kotlin","Kotlin Multiplatform Complete Course","module-02","Controlling the Flow","2.2","Lesson 2.2: Combining Conditions - Logical Operators","beginner","55","13","1","9270"
"kotlin","Kotlin Multiplatform Complete Course","module-02","Controlling the Flow","2.3","Lesson 2.3: The When Expression - Elegant Multi-Way Decisions","beginner","60","14","1","7661"
"kotlin","Kotlin Multiplatform Complete Course","module-02","Controlling the Flow","2.4","Lesson 2.4: Repeating Tasks - For Loops and Iteration","beginner","60","13","2","7798"
"kotlin","Kotlin Multiplatform Complete Course","module-02","Controlling the Flow","2.5","Lesson 2.5: While Loops and Do-While - Condition-Based Repetition","beginner","55","12","0","7437"
"kotlin","Kotlin Multiplatform Complete Course","module-02","Controlling the Flow","2.6","Lesson 2.6: Lists - Storing Multiple Items","beginner","65","13","2","6158"
"kotlin","Kotlin Multiplatform Complete Course","module-02","Controlling the Flow","2.7","Lesson 2.7: Maps and Part 2 Capstone Project","beginner","70","14","0","6123"
"kotlin","Kotlin Multiplatform Complete Course","module-03","Object-Oriented Programming","3.1","Lesson 2.1: Introduction to Object-Oriented Programming","beginner","60","18","2","7510"
"kotlin","Kotlin Multiplatform Complete Course","module-03","Object-Oriented Programming","3.2","Lesson 2.2: Properties and Initialization","beginner","65","18","2","7952"
"kotlin","Kotlin Multiplatform Complete Course","module-03","Object-Oriented Programming","3.3","Lesson 2.3: Inheritance and Polymorphism","beginner","70","19","2","7026"
"kotlin","Kotlin Multiplatform Complete Course","module-03","Object-Oriented Programming","3.4","Lesson 2.4: Interfaces and Abstract Classes","beginner","65","20","1","8858"
"kotlin","Kotlin Multiplatform Complete Course","module-03","Object-Oriented Programming","3.5","Lesson 2.5: Data Classes and Sealed Classes","beginner","65","22","0","7621"
"kotlin","Kotlin Multiplatform Complete Course","module-03","Object-Oriented Programming","3.6","Lesson 2.6: Object Declarations and Companion Objects","beginner","60","18","0","5747"
"kotlin","Kotlin Multiplatform Complete Course","module-03","Object-Oriented Programming","3.7","Lesson 2.7: Part 2 Capstone - Library Management System","beginner","30","14","0","7765"
"kotlin","Kotlin Multiplatform Complete Course","module-04","Advanced Kotlin","4.1","Lesson 4.1: Introduction to Functional Programming","intermediate","60","20","3","8351"
"kotlin","Kotlin Multiplatform Complete Course","module-04","Advanced Kotlin","4.10","Lesson 4.10: Delegation and Lazy Initialization","intermediate","65","14","0","5701"
"kotlin","Kotlin Multiplatform Complete Course","module-04","Advanced Kotlin","4.11","Lesson 4.11: Annotations and Reflection","intermediate","70","13","0","6272"
"kotlin","Kotlin Multiplatform Complete Course","module-04","Advanced Kotlin","4.12","Lesson 4.12: DSLs and Type-Safe Builders","intermediate","70","12","0","5405"
"kotlin","Kotlin Multiplatform Complete Course","module-04","Advanced Kotlin","4.13","Lesson 4.13: Part 4 Capstone - Task Scheduler with Coroutines","intermediate","30","15","0","5230"
"kotlin","Kotlin Multiplatform Complete Course","module-04","Advanced Kotlin","4.2","Lesson 4.2: Lambda Expressions and Anonymous Functions","intermediate","65","21","2","8313"
"kotlin","Kotlin Multiplatform Complete Course","module-04","Advanced Kotlin","4.3","Lesson 4.3: Collection Operations","intermediate","70","22","2","7172"
"kotlin","Kotlin Multiplatform Complete Course","module-04","Advanced Kotlin","4.4","Lesson 4.4: Scope Functions","intermediate","65","25","0","10075"
"kotlin","Kotlin Multiplatform Complete Course","module-04","Advanced Kotlin","4.5","Lesson 4.5: Function Composition and Currying","intermediate","60","21","0","6270"
"kotlin","Kotlin Multiplatform Complete Course","module-04","Advanced Kotlin","4.6","Lesson 4.6: Part 3 Capstone - Data Processing Pipeline","intermediate","90","19","0","6689"
"kotlin","Kotlin Multiplatform Complete Course","module-04","Advanced Kotlin","4.7","Lesson 4.7: Generics and Type Parameters","intermediate","70","15","0","7888"
"kotlin","Kotlin Multiplatform Complete Course","module-04","Advanced Kotlin","4.8","Lesson 4.8: Coroutines Fundamentals","intermediate","75","15","0","8420"
"kotlin","Kotlin Multiplatform Complete Course","module-04","Advanced Kotlin","4.9","Lesson 4.9: Advanced Coroutines","intermediate","75","16","0","9426"
"kotlin","Kotlin Multiplatform Complete Course","module-05","Backend Development with Ktor","5.1","Lesson 5.1: Introduction to Backend Development & HTTP Fundamentals","intermediate","30","15","3","9074"
"kotlin","Kotlin Multiplatform Complete Course","module-05","Backend Development with Ktor","5.10","Lesson 5.10: Authentication - User Registration & Password Hashing","intermediate","65","14","0","10110"
"kotlin","Kotlin Multiplatform Complete Course","module-05","Backend Development with Ktor","5.11","Lesson 5.11: Authentication - Login & JWT Tokens","intermediate","70","14","0","10054"
"kotlin","Kotlin Multiplatform Complete Course","module-05","Backend Development with Ktor","5.12","Lesson 5.12: Authentication - Protecting Routes with JWT","intermediate","70","14","0","9078"
"kotlin","Kotlin Multiplatform Complete Course","module-05","Backend Development with Ktor","5.13","Lesson 5.13: Dependency Injection with Koin","intermediate","60","16","0","8296"
"kotlin","Kotlin Multiplatform Complete Course","module-05","Backend Development with Ktor","5.14","Lesson 5.14: Testing Your API","intermediate","70","17","0","6878"
"kotlin","Kotlin Multiplatform Complete Course","module-05","Backend Development with Ktor","5.15","Lesson 5.15: Part 5 Capstone Project - Task Management API","intermediate","30","15","0","14357"
"kotlin","Kotlin Multiplatform Complete Course","module-05","Backend Development with Ktor","5.2","Lesson 5.2: Setting Up Your First Ktor Project","intermediate","35","17","2","10635"
"kotlin","Kotlin Multiplatform Complete Course","module-05","Backend Development with Ktor","5.3","Lesson 5.3: Routing Fundamentals - Building Your First Endpoints","intermediate","40","14","1","9268"
"kotlin","Kotlin Multiplatform Complete Course","module-05","Backend Development with Ktor","5.4","Lesson 5.4: Request Parameters - Path, Query, and Body","intermediate","40","15","0","7084"
"kotlin","Kotlin Multiplatform Complete Course","module-05","Backend Development with Ktor","5.5","Lesson 5.5: JSON Serialization with kotlinx.serialization","intermediate","35","18","0","7050"
"kotlin","Kotlin Multiplatform Complete Course","module-05","Backend Development with Ktor","5.6","Lesson 5.6: Database Fundamentals with Exposed - Part 1 (Setup & Queries)","intermediate","45","17","0","8613"
"kotlin","Kotlin Multiplatform Complete Course","module-05","Backend Development with Ktor","5.7","Lesson 5.7: Database Operations with Exposed - Part 2 (CRUD & Transactions)","intermediate","45","17","0","5987"
"kotlin","Kotlin Multiplatform Complete Course","module-05","Backend Development with Ktor","5.8","Lesson 5.8: The Repository Pattern - Organizing Your Data Layer","intermediate","50","18","0","6142"
"kotlin","Kotlin Multiplatform Complete Course","module-05","Backend Development with Ktor","5.9","Lesson 5.9: Request Validation & Error Handling","intermediate","60","13","0","11378"
"kotlin","Kotlin Multiplatform Complete Course","module-06","Mobile Development with Compose Multiplatform","6.1","Lesson 6.1: Compose Multiplatform Fundamentals","intermediate","75","22","3","16850"
"kotlin","Kotlin Multiplatform Complete Course","module-06","Mobile Development with Compose Multiplatform","6.10","Lesson 6.10: Part 6 Capstone - Task Manager App","advanced","30","11","0","4364"
"kotlin","Kotlin Multiplatform Complete Course","module-06","Mobile Development with Compose Multiplatform","6.2","Lesson 6.2: Introduction to Compose Multiplatform UI","advanced","70","22","3","11281"
"kotlin","Kotlin Multiplatform Complete Course","module-06","Mobile Development with Compose Multiplatform","6.3","Lesson 6.3: Layouts and UI Design","advanced","75","19","0","7222"
"kotlin","Kotlin Multiplatform Complete Course","module-06","Mobile Development with Compose Multiplatform","6.4","Lesson 6.4: State Management","advanced","70","21","0","8464"
"kotlin","Kotlin Multiplatform Complete Course","module-06","Mobile Development with Compose Multiplatform","6.5","Lesson 6.5: Navigation","advanced","75","21","0","7180"
"kotlin","Kotlin Multiplatform Complete Course","module-06","Mobile Development with Compose Multiplatform","6.6","Lesson 6.6: Networking and APIs","advanced","75","22","0","4532"
"kotlin","Kotlin Multiplatform Complete Course","module-06","Mobile Development with Compose Multiplatform","6.7","Lesson 6.7: Local Data Storage","advanced","75","22","0","5271"
"kotlin","Kotlin Multiplatform Complete Course","module-06","Mobile Development with Compose Multiplatform","6.8","Lesson 6.8: MVVM Architecture","advanced","70","21","0","5584"
"kotlin","Kotlin Multiplatform Complete Course","module-06","Mobile Development with Compose Multiplatform","6.9","Lesson 6.9: Advanced UI & Animations","advanced","75","20","0","5366"
"kotlin","Kotlin Multiplatform Complete Course","module-07","Professional Development & Deployment","7.1","Lesson 7.1: Advanced KMP Patterns","advanced","75","23","4","22140"
"kotlin","Kotlin Multiplatform Complete Course","module-07","Professional Development & Deployment","7.2","Lesson 7.2: Testing Strategies","advanced","80","22","0","7043"
"kotlin","Kotlin Multiplatform Complete Course","module-07","Professional Development & Deployment","7.3","Lesson 7.3: Performance Optimization","advanced","85","20","0","6900"
"kotlin","Kotlin Multiplatform Complete Course","module-07","Professional Development & Deployment","7.4","Lesson 7.4: Security Best Practices","advanced","90","20","0","6860"
"kotlin","Kotlin Multiplatform Complete Course","module-07","Professional Development & Deployment","7.5","Lesson 7.5: CI/CD and DevOps","advanced","85","21","0","6162"
"kotlin","Kotlin Multiplatform Complete Course","module-07","Professional Development & Deployment","7.6","Lesson 7.6: Cloud Deployment","advanced","80","21","0","6561"
"kotlin","Kotlin Multiplatform Complete Course","module-07","Professional Development & Deployment","7.7","Lesson 7.7: Monitoring and Analytics","advanced","75","19","0","5764"
"kotlin","Kotlin Multiplatform Complete Course","module-07","Professional Development & Deployment","7.8","Lesson 7.8: Final Capstone - Full Stack E-Commerce Platform","advanced","30","14","0","6500"
"kotlin","Kotlin Multiplatform Complete Course","module-08","Gradle Mastery for Kotlin Developers","8.1","Lesson 8.1: Understanding Gradle Basics with Kotlin DSL","intermediate","60","13","0","3877"
"kotlin","Kotlin Multiplatform Complete Course","module-08","Gradle Mastery for Kotlin Developers","8.2","Lesson 8.2: Dependency Management & Version Catalogs","intermediate","75","12","0","3955"
"kotlin","Kotlin Multiplatform Complete Course","module-08","Gradle Mastery for Kotlin Developers","8.3","Lesson 8.3: Multiplatform Build Configuration","intermediate","90","11","0","4284"
"kotlin","Kotlin Multiplatform Complete Course","module-08","Gradle Mastery for Kotlin Developers","8.4","Lesson 8.4: Custom Tasks and Plugins","intermediate","75","12","0","3145"
"kotlin","Kotlin Multiplatform Complete Course","module-08","Gradle Mastery for Kotlin Developers","8.5","Lesson 8.5: Convention Plugins for Team Standards","intermediate","90","14","0","3837"
"kotlin","Kotlin Multiplatform Complete Course","module-08","Gradle Mastery for Kotlin Developers","8.6","Lesson 8.6: Build Optimization & Caching","intermediate","60","15","0","4245"
"kotlin","Kotlin Multiplatform Complete Course","module-09","Functional Kotlin with Arrow","9.1","Lesson 9.1: Functional Programming Principles","intermediate","50","15","0","4872"
"kotlin","Kotlin Multiplatform Complete Course","module-09","Functional Kotlin with Arrow","9.2","Lesson 9.2: Kotlin's Built-in Result Type","intermediate","60","15","0","4323"
"kotlin","Kotlin Multiplatform Complete Course","module-09","Functional Kotlin with Arrow","9.3","Lesson 9.3: Arrow Core - Either, Option, Validated","intermediate","75","18","0","4402"
"kotlin","Kotlin Multiplatform Complete Course","module-09","Functional Kotlin with Arrow","9.4","Lesson 9.4: Railway-Oriented Programming","intermediate","60","14","0","3488"
"kotlin","Kotlin Multiplatform Complete Course","module-09","Functional Kotlin with Arrow","9.5","Lesson 9.5: Effect System with Arrow","intermediate","60","14","0","3657"
"kotlin","Kotlin Multiplatform Complete Course","module-09","Functional Kotlin with Arrow","9.6","Lesson 9.6: Practical Patterns - Error Handling Without Exceptions","intermediate","45","11","0","2380"
"kotlin","Kotlin Multiplatform Complete Course","module-10","The K2 Era - Modern Kotlin Tooling","10.1","Lesson 10.1: K2 Compiler - What's New and Why It Matters","advanced","45","10","0","4174"
"kotlin","Kotlin Multiplatform Complete Course","module-10","The K2 Era - Modern Kotlin Tooling","10.2","Lesson 10.2: Migrating Projects to K2","advanced","50","10","0","2496"
"kotlin","Kotlin Multiplatform Complete Course","module-10","The K2 Era - Modern Kotlin Tooling","10.3","Lesson 10.3: KSP - Replacing kapt with Speed","advanced","60","11","0","2568"
"kotlin","Kotlin Multiplatform Complete Course","module-10","The K2 Era - Modern Kotlin Tooling","10.4","Lesson 10.4: Writing Your First KSP Processor","advanced","75","11","0","2101"
"kotlin","Kotlin Multiplatform Complete Course","module-10","The K2 Era - Modern Kotlin Tooling","10.5","Lesson 10.5: Context Receivers and Future Features","advanced","50","10","0","4435"
"python","Python Backend Development","module-01","The Absolute Basics","module-01-lesson-01","What is Programming, Really?","beginner","10","4","1","2720"
"python","Python Backend Development","module-01","The Absolute Basics","module-01-lesson-02","Your First Python Playground","beginner","12","4","1","2670"
"python","Python Backend Development","module-01","The Absolute Basics","module-01-lesson-03","Making the Computer Talk","beginner","15","4","1","2770"
"python","Python Backend Development","module-01","The Absolute Basics","module-01-lesson-04","Listening to the User","beginner","15","4","1","3153"
"python","Python Backend Development","module-01","The Absolute Basics","module-01-lesson-05","Mini-Project: A Conversation Program","beginner","20","4","1","4353"
"python","Python Backend Development","module-02","Variables","module-02-lesson-01","The Labeled Box (Variables Explained)","beginner","15","4","1","2604"
"python","Python Backend Development","module-02","Variables","module-02-lesson-02","Different Kinds of Boxes (Data Types: Strings, Integers, Floats)","beginner","18","4","1","5699"
"python","Python Backend Development","module-02","Variables","module-02-lesson-03","Converting Between Data Types (Type Conversion & Casting)","beginner","20","4","1","6251"
"python","Python Backend Development","module-02","Variables","module-02-lesson-04","Box Math: Basic Operators","beginner","20","4","1","5119"
"python","Python Backend Development","module-02","Variables","module-02-lesson-05","Mini-Project: Simple Calculator","beginner","30","4","1","5286"
"python","Python Backend Development","module-03","Boolean Logic","module-03-lesson-01","Boolean Logic: The Language of Yes and No","beginner","18","4","1","6027"
"python","Python Backend Development","module-03","Boolean Logic","module-03-lesson-02","Logical Operators: Combining Questions","beginner","22","4","1","7285"
"python","Python Backend Development","module-03","Boolean Logic","module-03-lesson-03","if Statements: Your First Decisions","beginner","20","4","1","6798"
"python","Python Backend Development","module-03","Boolean Logic","module-03-lesson-04","if-else Statements: The Fork in the Road","beginner","20","4","1","7401"
"python","Python Backend Development","module-03","Boolean Logic","module-03-lesson-05","elif Chains: Multiple Decision Paths","beginner","25","4","1","8057"
"python","Python Backend Development","module-03","Boolean Logic","module-03-lesson-06","Nested Conditionals: Decisions Within Decisions","beginner","25","4","1","9340"
"python","Python Backend Development","module-03","Boolean Logic","module-03-lesson-07","Pattern Matching with match/case (Python 3.10+)","intermediate","30","4","1","6603"
"python","Python Backend Development","module-04","Loops","module-04-lesson-01","while Loops: The Power of Repetition","beginner","22","4","1","8276"
"python","Python Backend Development","module-04","Loops","module-04-lesson-02","for Loops: Iterate with Ease","beginner","24","4","1","8898"
"python","Python Backend Development","module-04","Loops","module-04-lesson-03","Loop Control: break, continue, and pass","beginner","23","4","1","9460"
"python","Python Backend Development","module-04","Loops","module-04-lesson-04","Nested Loops: Loops Within Loops","beginner","26","4","1","10716"
"python","Python Backend Development","module-04","Loops","module-04-lesson-05","Mini-Project: Practical Loop Programs","beginner","35","4","1","13947"
"python","Python Backend Development","module-05","Lists & Tuples","module-05-lesson-01","List Basics: Ordered Collections","beginner","22","4","1","10220"
"python","Python Backend Development","module-05","Lists & Tuples","module-05-lesson-02","List Methods & Operations: Modifying Lists","beginner","28","4","1","13753"
"python","Python Backend Development","module-05","Lists & Tuples","module-05-lesson-03","List Slicing: Extract Portions of Lists","beginner","26","4","1","14080"
"python","Python Backend Development","module-05","Lists & Tuples","module-05-lesson-04","Tuples: Immutable Sequences","beginner","24","4","1","13959"
"python","Python Backend Development","module-05","Lists & Tuples","module-05-lesson-05","List Comprehensions: Pythonic List Creation","beginner","30","4","1","14802"
"python","Python Backend Development","module-05","Lists & Tuples","module-05-lesson-06","Mini-Project: Student Grade Analytics System","beginner","40","4","1","14291"
"python","Python Backend Development","module-06","Functions","module-06-lesson-01","Function Basics - Reusable Code Blocks","beginner","30","4","0","3236"
"python","Python Backend Development","module-06","Functions","module-06-lesson-02","Parameters and Return Values","beginner","30","4","0","2985"
"python","Python Backend Development","module-06","Functions","module-06-lesson-03","Variable Scope and Lifetime","beginner","30","4","0","3409"
"python","Python Backend Development","module-06","Functions","module-06-lesson-04","Default and Keyword Arguments","beginner","30","4","0","3638"
"python","Python Backend Development","module-06","Functions","module-06-lesson-05","Lambda Functions and Built-in Functions","beginner","30","4","0","3902"
"python","Python Backend Development","module-06","Functions","module-06-lesson-06","Mini-Project: Personal Utility Library","beginner","30","4","0","3310"
"python","Python Backend Development","module-06","Functions","module-06-lesson-07","Type Hints: Self-Documenting Code (Python 3.10+)","intermediate","35","4","1","5856"
"python","Python Backend Development","module-07","Dictionaries","module-07-lesson-01","Dictionary Basics - Key-Value Pairs","beginner","30","4","0","3338"
"python","Python Backend Development","module-07","Dictionaries","module-07-lesson-02","Dictionary Methods and Operations","beginner","30","4","0","3585"
"python","Python Backend Development","module-07","Dictionaries","module-07-lesson-03","Nested Dictionaries and Complex Data","beginner","30","4","0","3419"
"python","Python Backend Development","module-07","Dictionaries","module-07-lesson-04","Sets - Unique Collections","beginner","30","4","0","3498"
"python","Python Backend Development","module-07","Dictionaries","module-07-lesson-05","Dictionary and Set Comprehensions","beginner","30","4","0","3299"
"python","Python Backend Development","module-07","Dictionaries","module-07-lesson-06","Mini-Project: Contact Manager System","beginner","30","4","0","3716"
"python","Python Backend Development","module-08","Exception Handling","08_01","Introduction to Exceptions and Error Handling","intermediate","25","4","1","3360"
"python","Python Backend Development","module-08","Exception Handling","08_02","Try/Except/Finally Blocks - Complete Error Handling","intermediate","30","4","1","4005"
"python","Python Backend Development","module-08","Exception Handling","08_03","Exception Types and Handling Multiple Exceptions","intermediate","30","4","1","4722"
"python","Python Backend Development","module-08","Exception Handling","08_04","Raising Exceptions and Creating Custom Exceptions","intermediate","35","4","1","5642"
"python","Python Backend Development","module-08","Exception Handling","08_05","Input Validation and Defensive Programming","intermediate","30","4","1","6478"
"python","Python Backend Development","module-08","Exception Handling","08_06","Mini-Project: Robust Calculator with Complete Error Handling","intermediate","45","4","1","5780"
"python","Python Backend Development","module-09","File I/O","09_01","Reading and Writing Text Files","intermediate","30","4","1","5648"
"python","Python Backend Development","module-09","File I/O","09_02","Context Managers and the with Statement","intermediate","25","4","1","5800"
"python","Python Backend Development","module-09","File I/O","09_03","Working with CSV Files","intermediate","30","4","1","6525"
"python","Python Backend Development","module-09","File I/O","09_04","Working with JSON Files - Structured Data Storage","intermediate","30","4","1","6107"
"python","Python Backend Development","module-09","File I/O","09_05","File Paths and Directory Operations","intermediate","30","4","1","6646"
"python","Python Backend Development","module-09","File I/O","09_06","Mini-Project: Log File Analyzer","intermediate","45","4","1","5541"
"python","Python Backend Development","module-09","File I/O","09_07","Modern File Handling with Pathlib (Python 3.4+)","intermediate","35","4","1","6421"
"python","Python Backend Development","module-10","Modules & Packages","10_01","Importing Modules - Using Python's Built-in Libraries","intermediate","25","4","1","2153"
"python","Python Backend Development","module-10","Modules & Packages","10_02","Creating Your Own Modules","intermediate","25","4","1","1946"
"python","Python Backend Development","module-10","Modules & Packages","10_03","Packages and Project Structure","intermediate","25","4","1","2079"
"python","Python Backend Development","module-10","Modules & Packages","10_04","uv - Modern Python Package Management","intermediate","30","4","1","3259"
"python","Python Backend Development","module-10","Modules & Packages","10_05","Popular Third-Party Packages","intermediate","30","4","1","2708"
"python","Python Backend Development","module-10","Modules & Packages","10_06","Mini-Project: Python Project Initializer","intermediate","45","7","0","4006"
"python","Python Backend Development","module-11","Classes & Objects (OOP)","11_01","Introduction to Classes and Objects","advanced","25","4","1","2568"
"python","Python Backend Development","module-11","Classes & Objects (OOP)","11_02","Class Attributes and Methods","advanced","30","4","1","2851"
"python","Python Backend Development","module-11","Classes & Objects (OOP)","11_03","Inheritance","advanced","30","4","1","2844"
"python","Python Backend Development","module-11","Classes & Objects (OOP)","11_04","Polymorphism","advanced","30","4","1","3158"
"python","Python Backend Development","module-11","Classes & Objects (OOP)","11_05","Encapsulation and Properties","advanced","30","4","1","3261"
"python","Python Backend Development","module-11","Classes & Objects (OOP)","11_06","Mini-Project: RPG Character System","advanced","45","5","0","3272"
"python","Python Backend Development","module-12","Decorators","12_01","Decorators","advanced","35","5","1","3339"
"python","Python Backend Development","module-12","Decorators","12_02","Generators and Iterators","advanced","35","5","1","3272"
"python","Python Backend Development","module-12","Decorators","12_03","Context Managers","advanced","35","5","1","3432"
"python","Python Backend Development","module-12","Decorators","12_04","Advanced Comprehensions","advanced","30","5","1","3751"
"python","Python Backend Development","module-12","Decorators","12_05","Type Hints and Annotations","advanced","30","5","1","3903"
"python","Python Backend Development","module-12","Decorators","12_06","Regular Expressions","advanced","40","5","1","3777"
"python","Python Backend Development","module-13","Asynchronous Python","13_01","Why Async Matters","advanced","25","3","1","2303"
"python","Python Backend Development","module-13","Asynchronous Python","13_02","async/await Basics","advanced","30","3","1","1922"
"python","Python Backend Development","module-13","Asynchronous Python","13_03","The Event Loop","advanced","30","3","1","1789"
"python","Python Backend Development","module-13","Asynchronous Python","13_04","Async Context Managers","advanced","25","3","1","1965"
"python","Python Backend Development","module-13","Asynchronous Python","13_05","Async HTTP with httpx","advanced","30","3","1","1760"
"python","Python Backend Development","module-13","Asynchronous Python","13_06","Error Handling in Async","advanced","30","3","1","1638"
"python","Python Backend Development","module-13","Asynchronous Python","13_07","Mini-Project: Async Web Scraper","advanced","40","3","1","1731"
"python","Python Backend Development","module-14","HTTP & Web APIs","14_01","HTTP Basics and the Requests Library","advanced","35","5","1","4419"
"python","Python Backend Development","module-14","HTTP & Web APIs","14_02","Alternative: Building APIs with Flask","advanced","40","5","1","4199"
"python","Python Backend Development","module-14","HTTP & Web APIs","14_03","Database Integration with SQLite","advanced","40","5","1","4251"
"python","Python Backend Development","module-14","HTTP & Web APIs","14_03b","Object-Relational Mapping with SQLAlchemy","advanced","40","4","1","3767"
"python","Python Backend Development","module-14","HTTP & Web APIs","14_04","Authentication and API Security","advanced","45","5","1","5104"
"python","Python Backend Development","module-14","HTTP & Web APIs","module-13-lesson-05","API Testing and Documentation","beginner","30","5","1","3464"
"python","Python Backend Development","module-14","HTTP & Web APIs","module-13-lesson-06","Mini-Project: Complete Blog API with Authentication","beginner","30","5","1","5078"
"python","Python Backend Development","module-14","HTTP & Web APIs","14_07","Data Validation with Pydantic","intermediate","35","3","1","1512"
"python","Python Backend Development","module-14","HTTP & Web APIs","14_08","Modern APIs with FastAPI","intermediate","40","3","1","1898"
"python","Python Backend Development","module-14","HTTP & Web APIs","14_09","FastAPI Routes and Models","intermediate","35","3","1","1414"
"python","Python Backend Development","module-14","HTTP & Web APIs","14_10","FastAPI Advanced Patterns","advanced","40","3","1","1703"
"python","Python Backend Development","module-14","HTTP & Web APIs","14_11","Mini-Project: FastAPI CRUD API","advanced","50","3","1","1340"
"python","Python Backend Development","module-15","Sharing Your Work","15_01","Project Planning and Architecture","advanced","40","5","1","3934"
"python","Python Backend Development","module-15","Sharing Your Work","15_02","Version Control with Git","advanced","40","5","1","3929"
"python","Python Backend Development","module-15","Sharing Your Work","15_03","Testing Best Practices","advanced","35","5","1","4177"
"python","Python Backend Development","module-15","Sharing Your Work","15_04","Documentation and Code Quality","advanced","35","4","1","3702"
"python","Python Backend Development","module-15","Sharing Your Work","15_05","Deployment and Final Capstone Project","advanced","45","4","0","4663"
"python","Python Backend Development","module-16","Professional CLI Tools with Typer","16_01","Introduction to Typer - Type-Safe CLIs","intermediate","25","4","1","2140"
"python","Python Backend Development","module-16","Professional CLI Tools with Typer","16_02","Typer Applications and Subcommands","intermediate","30","4","1","1702"
"python","Python Backend Development","module-16","Professional CLI Tools with Typer","16_03","Rich Output and Progress Bars","intermediate","25","4","1","1527"
"python","Python Backend Development","module-16","Professional CLI Tools with Typer","16_04","Mini-Project: Task Manager CLI","intermediate","45","3","1","1073"
"python","Python Backend Development","module-17","Exception Groups & Structured Concurrency","17_01","Introduction to Exception Groups (Python 3.11+)","advanced","30","4","1","1688"
"python","Python Backend Development","module-17","Exception Groups & Structured Concurrency","17_02","The except* Syntax - Selective Handling","advanced","30","4","1","1796"
"python","Python Backend Development","module-17","Exception Groups & Structured Concurrency","17_03","Structured Concurrency with asyncio.TaskGroup","advanced","35","4","1","2131"
"python","Python Backend Development","module-17","Exception Groups & Structured Concurrency","17_04","Partial Failure Handling Patterns","advanced","30","3","1","927"
"python","Python Backend Development","module-18","Advanced pytest & Test Architecture","18_01","Fixtures Deep Dive","advanced","35","4","1","1626"
"python","Python Backend Development","module-18","Advanced pytest & Test Architecture","18_02","Mocking and Patching","advanced","35","4","1","1692"
"python","Python Backend Development","module-18","Advanced pytest & Test Architecture","18_03","Testing Async Code with pytest-asyncio","advanced","30","4","1","1447"
"python","Python Backend Development","module-18","Advanced pytest & Test Architecture","18_04","conftest.py Patterns and Test Organization","advanced","30","3","1","1034"
